{
  "identity": {
    "name": "Barangay Connect",
    "persona": "E1: The Anti-AI Designer",
    "vibe": "Tropical Modernism",
    "core_principles": [
      "Fusion over Imitation: Mix Fintech precision with Tropical warmth.",
      "Emotion First: Every screen must feel like a welcoming neighbor, not a tax collector.",
      "Content is King: Announcements are stories, not just text blocks.",
      "Zoom In: Focus on the details—texture of the paper, the grain of the wood.",
      "Negative Space: Let the content breathe."
    ]
  },
  "typography": {
    "headings": {
      "font_family": "Manrope, sans-serif",
      "weights": ["600", "800"],
      "usage": "Use for all section headers, hero titles, and modal titles. Tight tracking (-0.02em).",
      "fallback": "system-ui"
    },
    "body": {
      "font_family": "Satoshi, sans-serif",
      "weights": ["400", "500", "700"],
      "usage": "Use for all paragraph text, inputs, and data tables.",
      "fallback": "Inter, sans-serif"
    },
    "mono": {
      "font_family": "JetBrains Mono, monospace",
      "usage": "Use for transaction IDs, receipt numbers, and code snippets."
    },
    "installation": "Import fonts via Google Fonts or local assets in index.css"
  },
  "colors": {
    "palette": {
      "primary": {
        "DEFAULT": "#064E3B",
        "foreground": "#ECFDF5",
        "description": "Deep Emerald - Represents growth, money, and nature."
      },
      "secondary": {
        "DEFAULT": "#C2410C",
        "foreground": "#FFF7ED",
        "description": "Terracotta - Represents bricks, home, and warmth."
      },
      "background": {
        "DEFAULT": "#FAFAF9",
        "dark": "#0C0A09",
        "description": "Warm Stone - Avoid pure white. Use warm off-white."
      },
      "surface": {
        "DEFAULT": "#FFFFFF",
        "dark": "#1C1917",
        "description": "Pure white for cards to pop against the warm background."
      },
      "muted": {
        "DEFAULT": "#F5F5F4",
        "foreground": "#78716C"
      },
      "accent": {
        "DEFAULT": "#FDBA74",
        "foreground": "#431407",
        "description": "Soft Orange - For highlights and 'new' tags."
      }
    },
    "gradients": {
      "hero": "linear-gradient(135deg, #064E3B 0%, #065F46 100%)",
      "card_shimmer": "linear-gradient(45deg, rgba(255,255,255,0) 40%, rgba(255,255,255,0.2) 50%, rgba(255,255,255,0) 60%)"
    }
  },
  "layout": {
    "spacing_scale": "Generous. Use p-6 or p-8 for cards. Gap-6 for grids.",
    "container": "max-w-7xl mx-auto px-4 sm:px-6 lg:px-8",
    "grid_system": {
      "dashboard": "grid grid-cols-1 md:grid-cols-12 gap-6",
      "feed": "max-w-2xl mx-auto flex flex-col gap-8"
    },
    "border_radius": {
      "card": "rounded-2xl",
      "button": "rounded-full",
      "input": "rounded-xl"
    }
  },
  "components": {
    "buttons": {
      "primary": "bg-primary text-primary-foreground hover:bg-primary/90 shadow-lg hover:shadow-xl transition-all duration-300 rounded-full px-8 py-3 font-bold tracking-wide",
      "secondary": "bg-white text-primary border-2 border-primary/10 hover:border-primary/30 hover:bg-primary/5 transition-all rounded-full px-8 py-3 font-medium",
      "ghost": "text-muted-foreground hover:text-primary hover:bg-primary/5 rounded-lg px-4 py-2"
    },
    "cards": {
      "base": "bg-surface text-card-foreground rounded-2xl border border-stone-200/60 shadow-[0_2px_8px_rgba(0,0,0,0.04)] hover:shadow-[0_8px_24px_rgba(0,0,0,0.08)] transition-all duration-300",
      "interactive": "cursor-pointer hover:-translate-y-1"
    },
    "inputs": {
      "base": "bg-stone-50 border-stone-200 focus:border-primary focus:ring-2 focus:ring-primary/20 rounded-xl h-12 px-4 transition-all"
    },
    "navigation": {
      "sidebar": "bg-surface border-r border-stone-100 h-screen sticky top-0",
      "mobile_nav": "fixed bottom-4 left-4 right-4 bg-primary/95 backdrop-blur-lg text-white rounded-full shadow-2xl p-4 flex justify-around z-50"
    }
  },
  "visual_enhancers": {
    "textures": {
      "noise": "url(\"data:image/svg+xml,%3Csvg viewBox='0 0 200 200' xmlns='http://www.w3.org/2000/svg'%3E%3Cfilter id='noiseFilter'%3E%3CfeTurbulence type='fractalNoise' baseFrequency='0.65' numOctaves='3' stitchTiles='stitch'/%3E%3C/filter%3E%3Crect width='100%25' height='100%25' filter='url(%23noiseFilter)' opacity='0.05'/%3E%3C/svg%3E\")",
      "dots": "radial-gradient(#C2410C 1px, transparent 1px) [background-size: 20px 20px]"
    },
    "shadows": {
      "soft": "0 4px 20px -2px rgba(0, 0, 0, 0.05)",
      "glow": "0 0 20px rgba(6, 78, 59, 0.15)"
    },
    "glassmorphism": {
      "default": "bg-white/70 backdrop-blur-xl border border-white/20 shadow-sm"
    }
  },
  "motion": {
    "transitions": "transition-all duration-300 ease-out",
    "hover_effects": "hover:scale-[1.02] active:scale-[0.98]",
    "page_transition": "animate-in fade-in slide-in-from-bottom-4 duration-500"
  },
  "image_urls": {
    "hero_bg": {
      "url": "https://images.unsplash.com/photo-1727926498576-d2dd095aa117?crop=entropy&cs=srgb&fm=jpg&q=85",
      "description": "Peaceful community center/campus",
      "category": "hero"
    },
    "community_gathering": {
      "url": "https://images.unsplash.com/photo-1767158039458-e43f35ce3243?crop=entropy&cs=srgb&fm=jpg&q=85",
      "description": "Two women smiling in a crowd",
      "category": "content"
    },
    "kids_playing": {
      "url": "https://images.unsplash.com/photo-1527490380299-f000b6f9ed6d?crop=entropy&cs=srgb&fm=jpg&q=85",
      "description": "Three girls sitting/playing",
      "category": "content"
    },
    "abstract_texture": {
      "url": "https://images.unsplash.com/photo-1590018363780-f0d10b4fc043?crop=entropy&cs=srgb&fm=jpg&q=85",
      "description": "Malachite green texture",
      "category": "background"
    }
  },
  "instructions_to_main_agent": [
    "DO NOT use default Shadcn styles. Override them with the 'Tropical Modernism' values defined above.",
    "Use the 'Manrope' font for all headings. If it's not available, use a similar geometric sans-serif.",
    "Implement the 'Mobile Nav' as a floating pill at the bottom of the screen for mobile users.",
    "Use the 'Noise' texture as an overlay on the main background to give it a paper-like feel.",
    "For the Admin Dashboard, use the 'Bento Grid' layout (Mode B from the system prompt).",
    "Ensure all financial data (amounts) are displayed in Monospace font.",
    "Use 'Sonner' for all toast notifications.",
    "Add 'data-testid' to all interactive elements."
  ],
  "universal_guidelines": [
    "Dark colors look good when used independently without gradients. DO NOT use dark colors as gradients.",
    "Don't make generic centered layouts, simplistic gradients, and uniform styling.",
    "Create depth through layered design elements with z-index hierarchy.",
    "Use glass-morphism effects with backdrop filters (12-24px blur).",
    "You MUST NOT apply universal transition. Eg: transition: all.",
    "You MUST NOT center align the app container.",
    "Always use modern button styles like pill-shaped, or sharp button with interaction animations.",
    "NEVER use AI assistant Emoji characters like 🤖🧠 etc."
  ]
}